<?xml version="1.0" encoding="UTF-8"?>
<!DOCTYPE module PUBLIC "-//Google Inc.//DTD Google Web Toolkit 2.8.2//EN" "http://www.gwtproject.org/doctype/2.8.2/gwt-module.dtd">
<module rename-to="html">
    <source path="" />
	<inherits name="com.badlogic.gdx.backends.gdx_backends_gwt" />
	<inherits name="com.github.czyzby.gdx-websockets.websocket.GdxWebSocket" />
	<inherits name="com.github.czyzby.gdx-websockets.websocket.GdxWebSocketGwt" />
	<inherits name="com.github.czyzby.gdx-websockets.websocket.GdxWebSocketSerialization" />
	<inherits name="com.jammysoft.jammylearn.MainGameClass" />
	<inherits name="de.tomgrill.gdxdialogs.html.gdx_dialogs_html" />
	<inherits name="digital" />
	<inherits name="formic" />
	<inherits name="guacamole_gdx_gwt" />
    <entry-point class="com.jammysoft.jammylearn.gwt.GwtLauncher" />
    <set-configuration-property name="gdx.assetpath" value="../assets" />
    <set-configuration-property name="xsiframe.failIfScriptTag" value="FALSE"/>
    <!-- These two lines reduce the work GWT has to do during compilation and also shrink output size. -->
    <set-property name="user.agent" value="gecko1_8, safari"/>
    <collapse-property name="user.agent" values="*" />
    <!-- Remove the "user.agent" lines above if you encounter issues with Safari or other Gecko browsers. -->
</module>